Domain,Status,Attractiveness,Demand,Length,Sectors,Created,Expires,Registrar
brief.salon,available,124,19%,5,"Business,Education,General,Law",,,
complete.salon,available,120,21%,8,"Manufacturing,Retail,Technology",,,
second.salon,available,120,23%,6,"General,Mathematics",,,
wizard.salon,available,118,42%,6,"Entertainment,Media,Technology",,,
equal.salon,available,116,19%,5,"Education,General,Law",,,
tenth.salon,available,116,7%,5,Mathematics,,,
above.salon,available,112,22%,5,Business,,,
acute.salon,available,112,9%,5,"Mathematics,Medicine,Science",,,
zero.salon,available,112,49%,4,Mathematics,,,
hotshot.salon,available,112,14%,7,"Business,Entertainment,Sports",,,
abstract.salon,available,108,29%,8,"Arts,Humanities,Science",,,
abiding.salon,available,106,5%,7,"General,Religion",,,
expert.salon,resell,104,26%,6,"Business,Education,Technology",04/07/2025 14:09,04/07/2026 14:09,"Sav.com, LLC"
active.salon,available,104,27%,6,"Health and Fitness,Sports,Travel",,,
teen.salon,available,104,14%,4,"Education,Entertainment,Healthcare",,,
captive.salon,available,102,14%,7,"Entertainment,Hospitality,Technology",,,
absent.salon,available,102,8%,6,"Business,Education,Technology",,,
eight.salon,available,102,23%,5,"General,Mathematics",,,
extra.salon,available,102,26%,5,"Fashion,Retail,Technology",,,
third.salon,available,100,16%,5,Mathematics,,,
crack.salon,available,100,20%,5,Sports,,,
whiz.salon,available,100,12%,4,"Business,Education,Technology",,,
abrupt.salon,available,100,3%,6,"Medicine,Science",,,
sixth.salon,available,100,8%,5,Mathematics,,,
eighth.salon,available,100,6%,6,Mathematics,,,
adjunct.salon,available,100,5%,7,Education,,,
ninth.salon,available,100,9%,5,Mathematics,,,
genius.salon,available,98,46%,6,"Arts,Education,Technology",,,
whizz.salon,available,98,11%,5,"Business,Education,Technology",,,
doable.salon,available,96,9%,6,"Business,Education,Technology",,,
actual.salon,available,96,22%,6,"Real Estate,Retail,Technology",,,
alamode.salon,available,96,12%,9,Fashion,,,
academic.salon,available,96,20%,8,"Education,Humanities,Science",,,
forgiving.salon,available,96,3%,9,"Healthcare,Religion",,,
abject.salon,available,94,7%,6,Humanities,,,
adequate.salon,available,94,9%,8,"Education,Healthcare,Technology",,,
virtuoso.salon,available,94,16%,8,"Arts,Entertainment",,,
around.salon,available,94,22%,6,"Business,General,Media,Technology",,,
about.salon,available,94,28%,5,"Business,General,Media,Technology",,,
adept.salon,available,92,24%,5,"Education,Health and Fitness,Sports",,,
nought.salon,available,92,4%,6,Mathematics,,,
twentieth.salon,available,92,3%,9,Mathematics,,,
next.salon,available,92,43%,4,"Retail,Technology,Transportation",,,
exemplary.salon,available,92,5%,9,"Business,Education,Healthcare",,,
adjective.salon,available,92,5%,9,Education,,,
abroad.salon,available,92,12%,6,"Hospitality,Travel",,,
derelict.salon,available,92,7%,8,"Construction,Real Estate",,,
adoring.salon,available,90,2%,7,"Entertainment,Fashion,Retail",,,
clear.salon,available,90,47%,5,"Manufacturing,Retail,Technology",,,
abortive.salon,available,90,1%,8,"Medicine,Science",,,
leash.salon,available,90,7%,5,"General,Health and Fitness,Retail",,,
endearing.salon,available,90,1%,9,"Entertainment,Fashion,Retail",,,
gripping.salon,available,90,3%,8,"Entertainment,Media,Technology",,,
additional.salon,available,90,8%,10,"Fashion,Retail,Technology",,,
addictive.salon,available,90,9%,9,Healthcare,,,
riveting.salon,available,90,6%,8,"Entertainment,Media,Technology",,,
fifteen.salon,available,88,13%,7,Mathematics,,,
activist.salon,available,88,12%,8,"Humanities,Politics",,,
actionable.salon,available,88,13%,10,"Business,Law",,,
three.salon,expired,88,24%,5,Mathematics,05/06/2024 17:00,05/06/2025 17:00,Domain Science Kutatási Szolgáltató Korlátolt Felelősségű Társaság
adlib.salon,available,88,7%,6,Entertainment,,,
proficient.salon,available,88,8%,10,"Education,Health and Fitness,Sports",,,
twelve.salon,available,88,18%,6,"General,Mathematics",,,
sixteen.salon,available,88,11%,7,Mathematics,,,
ace.salon,available,88,34%,3,Sports,,,
wide.salon,available,88,18%,4,"Business,Media,Technology",,,
hundred.salon,available,88,14%,7,Mathematics,,,
adolescent.salon,available,86,3%,10,"Education,Entertainment,Healthcare",,,
star.salon,resell,86,40%,4,"Entertainment,Media,Sports",21/10/2024 20:43,21/10/2025 20:43,"Sav.com, LLC"
cipher.salon,available,86,29%,6,Mathematics,,,
aboriginal.salon,available,86,10%,10,Humanities,,,
recondite.salon,available,86,4%,9,"Arts,Humanities,Science",,,
xix.salon,available,86,11%,3,Mathematics,,,
xiv.salon,available,86,12%,3,Mathematics,,,
extempore.salon,available,86,3%,9,Entertainment,,,
intent.salon,available,86,25%,6,"Business,Education,Technology",,,
attendant.salon,available,86,5%,9,"Healthcare,Hospitality,Transportation",,,
engrossing.salon,available,86,0%,10,"Entertainment,Media,Technology",,,
acting.salon,available,84,12%,6,Entertainment,,,
thirteen.salon,available,84,10%,8,Mathematics,,,
twentytwo.salon,available,84,11%,10,Mathematics,,,
fourteen.salon,available,84,8%,8,Mathematics,,,
deviate.salon,available,84,12%,7,"Medicine,Science",,,
accessory.salon,available,84,8%,9,"Fashion,Retail,Technology",,,
thousand.salon,available,84,8%,8,Mathematics,,,
sharp.salon,available,84,34%,5,"Arts,Fashion",,,
seventeen.salon,available,84,7%,9,Mathematics,,,
nineteen.salon,available,84,8%,8,Mathematics,,,
adjustable.salon,available,84,3%,10,"Manufacturing,Retail,Technology",,,
impromptu.salon,available,82,16%,9,Entertainment,,,
abkhaz.salon,available,82,1%,6,Geography,,,
enduring.salon,available,82,9%,8,"Health and Fitness,Religion",,,
cleansing.salon,available,82,3%,9,Health and Fitness,,,
decade.salon,available,82,10%,6,Mathematics,,,
abenaki.salon,available,82,2%,7,Geography,,,
altered.salon,available,82,9%,7,"Medicine,Science",,,
fivesome.salon,available,82,1%,8,Sports,,,
good.salon,available,82,47%,4,"Food and Beverage,General,Health and Fitness,Retail",,,
abdominal.salon,available,82,1%,9,"Health and Fitness,Medicine",,,
dozen.salon,available,82,10%,5,Mathematics,,,
absorbent.salon,available,82,3%,9,"Healthcare,Manufacturing,Retail",,,
abroach.salon,available,82,1%,7,Food and Beverage,,,
wiz.salon,available,80,30%,3,"Business,Education,Technology",,,
nine.salon,available,80,24%,4,"General,Mathematics",,,
abundant.salon,available,80,19%,8,"Agriculture,Manufacturing,Retail",,,
sequent.salon,available,80,7%,7,"Healthcare,Insurance,Transportation",,,
two.salon,available,80,24%,3,Mathematics,,,
first.salon,available,80,36%,5,"General,Mathematics",,,
adoptable.salon,available,80,3%,9,"Education,Healthcare",,,
forty.salon,available,80,9%,5,Mathematics,,,
some.salon,available,80,32%,4,"Business,Media,Retail",,,
superstar.salon,available,80,18%,9,Entertainment,,,
worshipful.salon,available,80,1%,10,"Education,Healthcare,Religion",,,
absurd.salon,available,80,16%,6,"Arts,Entertainment,Media",,,
dorsal.salon,available,80,6%,6,"Medicine,Science",,,
absorbable.salon,available,80,0%,10,"Healthcare,Pharmaceuticals,Science",,,
twenty.salon,available,80,12%,6,Mathematics,,,
able.salon,available,80,29%,4,"Business,Education,General,Technology",,,
yard.salon,available,80,26%,4,"Construction,General",,,
capable.salon,available,80,12%,7,"Business,Education,Technology",,,
absolute.salon,available,80,25%,8,"Engineering,Mathematics,Science",,,
seventh.salon,available,80,10%,7,Mathematics,,,
accessible.salon,available,78,21%,10,"Healthcare,Retail,Technology",,,
adrenal.salon,available,78,4%,7,"Education,Healthcare,Science",,,
sixtynine.salon,available,78,8%,10,Mathematics,,,
accidental.salon,available,78,11%,10,"Healthcare,Insurance,Transportation",,,
abounding.salon,available,78,2%,9,Agriculture,,,
recognized.salon,available,78,3%,10,"Business,Education,Technology",,,
twentysix.salon,available,78,8%,10,Mathematics,,,
dormant.salon,available,78,4%,7,"Medicine,Science",,,
honestly.salon,available,78,9%,8,"Business,Law",,,
abkhasian.salon,available,78,1%,9,Geography,,,
abkhazian.salon,available,78,1%,9,Geography,,,
adorable.salon,available,78,8%,8,"Entertainment,Fashion,Retail",,,
low.salon,available,78,20%,3,"Business,Finance",,,
recognised.salon,available,78,3%,10,"Business,Education,Technology",,,
acceptable.salon,available,78,5%,10,"Business,Hospitality,Retail",,,
adjacent.salon,available,78,9%,8,"Construction,Real Estate,Retail",,,
athletic.salon,available,78,15%,8,"Health and Fitness,Sports",,,
accepted.salon,available,78,6%,8,"Business,Education,Technology",,,
acceptant.salon,available,78,1%,9,"Education,Healthcare",,,
absorptive.salon,available,78,1%,10,"Healthcare,Manufacturing,Retail",,,
accurate.salon,available,78,16%,8,"Engineering,Mathematics,Science",,,
eighteen.salon,available,76,7%,8,Mathematics,,,
adhesive.salon,available,76,7%,8,"Construction,Manufacturing,Technology",,,
improvise.salon,available,76,4%,9,Entertainment,,,
ventral.salon,available,76,3%,7,Science,,,
addable.salon,available,76,2%,7,"Engineering,Mathematics,Science",,,
acoustic.salon,available,76,14%,8,Science,,,
fourteenth.salon,available,76,1%,10,Mathematics,,,
fifteenth.salon,available,76,2%,9,Mathematics,,,
abrasive.salon,available,76,6%,8,"Construction,Manufacturing",,,
auxiliary.salon,available,76,7%,9,"Healthcare,Manufacturing,Technology",,,
ague.salon,available,76,2%,4,"Geography,Medicine,Science",,,
hundredth.salon,available,76,1%,9,Mathematics,,,
adipose.salon,available,76,2%,7,"Healthcare,Science",,,
obscene.salon,available,76,5%,7,"Entertainment,Media",,,
adherent.salon,available,76,4%,8,"Politics,Religion",,,
adaptive.salon,available,76,28%,8,"Business,Education,Technology",,,
nineteenth.salon,available,76,3%,10,Mathematics,,,
resultant.salon,available,76,2%,9,"Healthcare,Insurance,Transportation",,,
energizing.salon,available,76,3%,10,"Food and Beverage,Health and Fitness,Travel",,,
adaptable.salon,available,76,9%,9,"Business,Education,Technology",,,
threed.salon,available,76,7%,7,Technology,,,
ancillary.salon,available,76,6%,9,"Healthcare,Manufacturing,Technology",,,
thirteenth.salon,available,76,4%,10,Mathematics,,,
firstrate.salon,available,76,6%,10,Business,,,
thousandth.salon,available,76,1%,10,Mathematics,,,
incidental.salon,available,76,4%,10,"Healthcare,Insurance,Transportation",,,
diamond.salon,expiring,76,32%,7,Fashion,21/08/2019 14:27,21/08/2025 14:27,"GoDaddy.com, LLC"
playing.salon,available,74,12%,7,Entertainment,,,
sensation.salon,available,74,7%,9,"Entertainment,Media,Sports",,,
adamant.salon,available,74,14%,7,Religion,,,
accepting.salon,available,74,3%,9,"Education,Healthcare",,,
adrenergic.salon,available,74,1%,10,"Education,Healthcare,Science",,,
manageable.salon,available,74,4%,10,"Business,Education,Technology",,,
cleared.salon,available,74,7%,7,"Healthcare,Law,Transportation",,,
supra.salon,available,74,25%,5,"Medicine,Science",,,
achievable.salon,available,74,4%,10,"Business,Education,Technology",,,
adapted.salon,available,74,6%,7,"Healthcare,Manufacturing,Technology",,,
broad.salon,available,74,13%,5,"Entertainment,General,Media",,,
activated.salon,available,74,9%,9,"Healthcare,Manufacturing,Technology",,,
skilful.salon,available,74,3%,7,"Education,Health and Fitness,Sports",,,
acuate.salon,available,74,2%,6,"Engineering,Medicine,Science",,,
realizable.salon,available,74,1%,10,"Business,Education,Technology",,,
mavin.salon,available,74,7%,5,"Entertainment,Fashion,Technology",,,
admirable.salon,available,74,5%,9,"Business,Education,Healthcare",,,
aberrant.salon,available,74,6%,8,"Medicine,Science",,,
single.salon,available,74,19%,6,Sports,,,
adenoid.salon,available,74,1%,7,"Health and Fitness,Medicine,Science",,,
abnormal.salon,available,74,16%,8,"Medicine,Science",,,
addicted.salon,available,72,9%,8,Healthcare,,,
improvize.salon,available,72,1%,9,Entertainment,,,
engrossed.salon,available,72,1%,9,"Entertainment,Media,Technology",,,
ternary.salon,available,72,7%,7,Mathematics,,,
eightieth.salon,available,72,1%,9,Mathematics,,,
adiabatic.salon,available,72,3%,9,"Engineering,Science",,,
seventieth.salon,available,72,1%,10,Mathematics,,,
trey.salon,available,72,14%,4,Sports,,,
existent.salon,available,72,3%,8,"Mathematics,Science",,,
adonic.salon,available,72,2%,6,"Arts,Education,Entertainment",,,
accustomed.salon,available,72,1%,10,"Business,Education,Humanities",,,
adaptative.salon,available,72,1%,10,"Business,Education,Technology",,,
adjectival.salon,available,72,1%,10,Education,,,
aching.salon,available,72,4%,6,Healthcare,,,
sixtieth.salon,available,72,1%,8,Mathematics,,,
trinity.salon,available,72,18%,7,Religion,,,
ablaze.salon,available,72,6%,6,Entertainment,,,
champion.salon,available,72,28%,8,"Entertainment,Health and Fitness,Sports",,,
absorbed.salon,available,72,2%,8,"Entertainment,Media,Technology",,,
ninetieth.salon,available,72,1%,9,Mathematics,,,
deep.salon,available,72,41%,4,"Engineering,Mathematics,Science",,,
adjunctive.salon,available,72,1%,10,"Healthcare,Manufacturing,Technology",,,
abreast.salon,available,72,2%,7,"Business,Technology",,,
absolutist.salon,available,72,1%,10,"Humanities,Law,Politics",,,
abloom.salon,available,72,5%,6,Agriculture,,,
accusative.salon,available,72,0%,10,"Humanities,Law",,,
acuminate.salon,available,70,1%,9,"Engineering,Medicine,Science",,,
absorbing.salon,available,70,3%,9,"Entertainment,Media,Technology",,,
stillborn.salon,available,70,2%,9,"Medicine,Science",,,
adjusted.salon,available,70,5%,8,"Manufacturing,Retail,Technology",,,
accumbent.salon,available,70,1%,9,"Healthcare,Medicine,Science",,,
adored.salon,available,70,6%,6,"Entertainment,Fashion,Retail",,,
abradant.salon,available,70,1%,8,"Construction,Manufacturing",,,
offhand.salon,available,70,2%,7,Entertainment,,,
gymnastic.salon,available,70,3%,9,"Entertainment,Sports",,,
practiced.salon,available,70,3%,9,"Education,Health and Fitness,Sports",,,
abulic.salon,available,70,1%,6,Medicine,,,
admired.salon,available,70,5%,7,"Business,Education,Healthcare",,,
adamantine.salon,available,70,4%,10,Religion,,,
recumbent.salon,available,70,2%,9,"Healthcare,Medicine,Science",,,
tiptop.salon,expiring,70,24%,6,Fashion,13/09/2024 17:00,13/09/2025 17:00,Dynadot Inc
lowdown.salon,available,70,6%,8,"Entertainment,Media",,,
skillful.salon,available,70,9%,8,"Education,Health and Fitness,Sports",,,
consequent.salon,available,70,3%,10,"Business,Education,General,Technology",,,
miserable.salon,available,70,4%,9,Humanities,,,
achaean.salon,available,68,2%,7,Humanities,,,
fortieth.salon,available,68,0%,8,Mathematics,,,
overseas.salon,available,68,12%,8,"Hospitality,Travel",,,
stygian.salon,available,68,5%,7,Humanities,,,
sevener.salon,available,68,1%,7,Mathematics,,,
disciple.salon,available,68,14%,8,"Education,Religion",,,
licensed.salon,available,68,5%,8,"Business,Healthcare,Insurance",,,
ablative.salon,available,68,3%,8,Science,,,
aroused.salon,available,68,3%,7,"Entertainment,Health and Fitness",,,
octonary.salon,available,68,1%,8,Mathematics,,,
achaian.salon,available,68,2%,7,Humanities,,,
abnaki.salon,available,68,1%,6,Geography,,,
accredited.salon,available,68,9%,10,"Business,Education,Healthcare",,,
threesome.salon,available,68,5%,9,Entertainment,,,
vindicated.salon,available,68,2%,10,"Humanities,Law,Politics",,,
ennead.salon,available,68,5%,6,Mathematics,,,
foursome.salon,available,68,4%,8,Sports,,,
scurvy.salon,available,68,3%,6,Humanities,,,
ane.salon,available,68,12%,3,Mathematics,,,
licenced.salon,available,68,2%,8,"Business,Healthcare,Insurance",,,
acerate.salon,available,68,1%,7,Science,,,
abkhas.salon,available,68,0%,6,Geography,,,
abducent.salon,available,68,0%,8,Medicine,,,
aculeate.salon,available,68,1%,8,"Engineering,Medicine,Science",,,
decorated.salon,available,68,3%,9,"Entertainment,Fashion,Retail",,,
fiftieth.salon,available,68,0%,8,Mathematics,,,
thirtieth.salon,available,68,1%,9,Mathematics,,,
aberdonian.salon,available,68,1%,10,Geography,,,
septenary.salon,available,68,1%,9,Mathematics,,,
activating.salon,available,68,3%,10,"Healthcare,Manufacturing,Technology",,,
accessary.salon,available,66,1%,9,"Business,Law,Technology",,,
acrobatic.salon,available,66,4%,9,"Entertainment,Sports",,,
xvii.salon,available,66,5%,4,Mathematics,,,
acervate.salon,available,66,1%,8,Science,,,
modish.salon,available,66,5%,6,Fashion,,,
xxvi.salon,available,66,3%,4,Mathematics,,,
xvi.salon,available,66,5%,3,Mathematics,,,
maven.salon,available,66,30%,5,"Entertainment,Fashion,Technology",,,
thirty.salon,available,66,8%,6,Mathematics,,,
adorned.salon,available,66,5%,7,"Entertainment,Fashion,Retail",,,
latest.salon,available,66,18%,6,Technology,,,
deuce.salon,available,66,9%,5,Sports,,,
according.salon,available,66,3%,9,"Business,Education,Technology",,,
fifty.salon,available,66,12%,5,Mathematics,,,
sextet.salon,available,66,1%,6,Entertainment,,,
xii.salon,available,66,10%,3,Mathematics,,,
xiii.salon,available,66,9%,4,Mathematics,,,
abstinent.salon,available,66,1%,9,"Health and Fitness,Religion",,,
onec.salon,available,66,6%,5,Mathematics,,,
performing.salon,available,66,6%,10,Entertainment,,,
acappella.salon,available,66,6%,10,Entertainment,,,
buzzing.salon,available,66,7%,7,"Entertainment,Media,Technology",,,
ninety.salon,available,66,11%,6,Mathematics,,,
six.salon,available,66,26%,3,Mathematics,,,
xxii.salon,available,66,6%,4,Mathematics,,,
eighty.salon,available,66,6%,6,Mathematics,,,
xxv.salon,available,66,6%,3,Mathematics,,,
clv.salon,available,66,10%,3,Mathematics,,,
tenner.salon,available,66,5%,6,Finance,,,
five.salon,available,66,26%,4,Mathematics,,,
xxi.salon,available,66,10%,3,Mathematics,,,
adopted.salon,available,66,4%,7,"Education,Healthcare",,,
century.salon,available,66,17%,7,Education,,,
xviii.salon,available,66,5%,5,Mathematics,,,
teenager.salon,available,66,4%,8,"Education,Entertainment,Healthcare",,,
exonerated.salon,available,66,2%,10,"Humanities,Law,Politics",,,
absolved.salon,available,64,1%,8,"Humanities,Law,Religion",,,
nondrinker.salon,available,64,1%,10,"Health and Fitness,Religion",,,
scatty.salon,available,64,1%,6,"Arts,Entertainment,Media",,,
ccc.salon,available,64,38%,3,Mathematics,,,
adagio.salon,available,64,14%,6,Entertainment,,,
acentric.salon,available,64,2%,8,Science,,,
aflame.salon,available,64,3%,6,Entertainment,,,
astringent.salon,available,64,1%,10,"Healthcare,Pharmaceuticals",,,
deviant.salon,available,64,12%,7,"Medicine,Science",,,
accordant.salon,available,64,3%,9,"Arts,Entertainment",,,
roughly.salon,available,62,3%,7,"Business,Media,Technology",,,
longdozen.salon,available,62,2%,10,Mathematics,,,
accrued.salon,available,62,2%,7,"Banking,Finance,Insurance",,,
cumulative.salon,available,62,2%,10,"Banking,Finance,Insurance",,,
sixteenth.salon,available,62,1%,9,Mathematics,,,
playacting.salon,available,62,1%,10,Entertainment,,,
adjuvant.salon,available,62,5%,8,"Healthcare,Manufacturing,Technology",,,
twodozen.salon,available,62,1%,9,Mathematics,,,
orso.salon,available,62,9%,5,"Business,Media,Technology",,,
exculpated.salon,available,62,1%,10,"Humanities,Law,Politics",,,
activation.salon,available,62,16%,10,"Healthcare,Manufacturing,Technology",,,
fortyfour.salon,available,62,6%,10,Mathematics,,,
troika.salon,available,62,8%,6,Politics,,,
pungent.salon,available,62,1%,7,Food and Beverage,,,
abo.salon,available,62,15%,3,Science,,,
acidic.salon,available,62,5%,6,"Food and Beverage,Science",,,
accusing.salon,available,62,1%,8,Law,,,
aborigine.salon,available,62,1%,9,Humanities,,,
adoptive.salon,available,62,1%,8,"Education,Healthcare",,,
admissible.salon,available,62,1%,10,"Education,Healthcare,Law",,,
ensuant.salon,available,62,1%,7,"Healthcare,Insurance,Transportation",,,
wrapped.salon,available,62,13%,7,"Fashion,Hospitality,Retail",,,
chiliad.salon,available,62,2%,7,Mathematics,,,
aufait.salon,available,62,3%,7,"Fashion,Media",,,
activistic.salon,available,62,1%,10,"Humanities,Politics",,,
eleventh.salon,available,62,5%,8,Mathematics,,,
eighteenth.salon,available,62,1%,10,Mathematics,,,
abashed.salon,available,60,1%,7,Humanities,,,
cxxx.salon,available,60,4%,4,Mathematics,,,
cxxxv.salon,available,60,2%,5,Mathematics,,,
clx.salon,available,60,10%,3,Mathematics,,,
tertiary.salon,available,60,4%,8,Education,,,
xcl.salon,available,60,5%,3,Mathematics,,,
thou.salon,available,60,7%,4,Mathematics,,,
clxv.salon,available,60,1%,4,Mathematics,,,
adnexal.salon,available,60,1%,7,"Agriculture,Manufacturing,Retail",,,
octet.salon,available,60,12%,5,Arts,,,
cautionary.salon,available,60,1%,10,"Business,Education,Healthcare",,,
abstemious.salon,available,60,0%,10,"Food and Beverage,Health and Fitness,Hospitality",,,
paunchy.salon,available,60,0%,7,"Health and Fitness,Medicine",,,
abstainer.salon,available,60,0%,9,"Health and Fitness,Religion",,,
cxv.salon,available,60,4%,3,Mathematics,,,
cxlv.salon,available,60,2%,4,Mathematics,,,
adnate.salon,available,60,1%,6,"Agriculture,Manufacturing,Retail",,,
cxl.salon,available,60,7%,3,Mathematics,,,
cxx.salon,available,60,10%,3,Mathematics,,,
acceptive.salon,available,60,1%,9,"Education,Healthcare",,,
clxxx.salon,available,60,1%,5,Mathematics,,,
clxx.salon,available,60,3%,4,Mathematics,,,
annexal.salon,available,60,1%,7,"Agriculture,Manufacturing,Retail",,,
cxxv.salon,available,60,1%,4,Mathematics,,,
eightysix.salon,available,60,7%,10,Mathematics,,,
clxxv.salon,available,60,1%,5,Mathematics,,,
sixty.salon,available,60,13%,5,Mathematics,,,
aboveboard.salon,available,60,5%,10,"Business,Law",,,
idolised.salon,available,60,1%,8,"Entertainment,Fashion,Retail",,,
idolized.salon,available,60,3%,8,"Entertainment,Fashion,Retail",,,
tercet.salon,available,59,2%,6,"Arts,Entertainment,Media",,,
addible.salon,available,58,2%,7,"Engineering,Mathematics,Science",,,
addressed.salon,available,58,3%,9,"Business,Technology,Telecommunications",,,
sixtyone.salon,available,58,3%,9,Mathematics,,,
seventy.salon,available,58,7%,7,Mathematics,,,
sixer.salon,available,58,5%,5,Sports,,,
enwrapped.salon,available,58,0%,9,"Entertainment,Fashion,Media",,,
accented.salon,available,58,3%,8,"Arts,Entertainment",,,
acetic.salon,available,58,1%,6,"Food and Beverage,Science",,,
adient.salon,available,58,4%,6,"Medicine,Science",,,
accretive.salon,available,58,6%,9,"Banking,Finance,Insurance",,,
lxxviii.salon,available,58,1%,7,Mathematics,,,
justabout.salon,available,58,3%,10,"Business,Media,Technology",,,
niner.salon,available,58,5%,5,Mathematics,,,
alacarte.salon,available,58,11%,10,Food and Beverage,,,
fifth.salon,available,58,12%,5,Mathematics,,,
hexad.salon,available,58,4%,5,Mathematics,,,
abused.salon,available,58,5%,6,"Healthcare,Law",,,
acyclic.salon,available,58,4%,7,"Engineering,Mathematics,Science",,,
abandoned.salon,available,58,10%,9,"Construction,Real Estate",,,
quintet.salon,available,58,8%,7,"Arts,Entertainment",,,
heptad.salon,available,58,1%,6,Mathematics,,,
closeto.salon,available,58,3%,8,"Business,Media,Technology",,,
eighter.salon,available,58,2%,7,Mathematics,,,
octad.salon,available,58,5%,5,Mathematics,,,
pentad.salon,available,58,2%,6,Mathematics,,,
twelfth.salon,available,58,2%,7,Mathematics,,,
adhoc.salon,available,58,24%,6,"Business,Engineering,Technology",,,
offhanded.salon,available,58,1%,9,Entertainment,,,
tetrad.salon,available,58,5%,6,Mathematics,,,
actuarial.salon,available,58,8%,9,"Finance,Insurance,Mathematics",,,
ache.salon,available,58,7%,4,Healthcare,,,
fourth.salon,available,58,13%,6,Mathematics,,,
lxxx.salon,available,58,2%,4,Mathematics,,,
abridged.salon,available,58,4%,8,Media,,,
sextuplet.salon,available,58,1%,9,Healthcare,,,
adjustive.salon,available,58,1%,9,"Manufacturing,Retail,Technology",,,
centesimal.salon,available,58,1%,10,Mathematics,,,
fourscore.salon,available,58,4%,9,Mathematics,,,
aucourant.salon,available,58,3%,10,"Fashion,Media",,,
accoutred.salon,available,58,1%,9,"Fashion,Manufacturing,Retail",,,
abuzz.salon,available,58,5%,5,"Entertainment,Media,Technology",,,
abdominous.salon,available,56,0%,10,"Health and Fitness,Medicine",,,
ilx.salon,available,56,5%,3,Mathematics,,,
xxxvii.salon,available,56,2%,6,Mathematics,,,
fiftynine.salon,available,56,4%,10,Mathematics,,,
xli.salon,available,56,5%,3,Mathematics,,,
xxxviii.salon,available,56,1%,7,Mathematics,,,
xxiii.salon,available,56,5%,5,Mathematics,,,
thirtysix.salon,available,56,5%,10,Mathematics,,,
xliii.salon,available,56,1%,5,Mathematics,,,
xxxiv.salon,available,56,1%,5,Mathematics,,,
xlv.salon,available,56,6%,3,Mathematics,,,
accoutered.salon,available,56,0%,10,"Fashion,Manufacturing,Retail",,,
abeyant.salon,available,56,1%,7,"Business,Law",,,
lvi.salon,available,56,8%,3,Mathematics,,,
thirtyone.salon,available,56,5%,10,Mathematics,,,
xlviii.salon,available,56,1%,6,Mathematics,,,
xxxi.salon,available,56,9%,4,Mathematics,,,
xxxiii.salon,available,56,2%,6,Mathematics,,,
triad.salon,available,56,15%,5,Arts,,,
liii.salon,available,56,4%,4,Mathematics,,,
fortynine.salon,available,56,3%,10,Mathematics,,,
fiftyfive.salon,available,56,7%,10,Mathematics,,,
xlvii.salon,available,56,2%,5,Mathematics,,,
fortytwo.salon,available,56,17%,9,Mathematics,,,
admittable.salon,available,56,1%,10,"Education,Healthcare,Hospitality",,,
xxvii.salon,available,56,3%,5,Mathematics,,,
thirtytwo.salon,available,56,5%,10,Mathematics,,,
maledict.salon,available,56,1%,8,Religion,,,
fortyone.salon,available,56,4%,9,Mathematics,,,
xxviii.salon,available,56,1%,6,Mathematics,,,
potbellied.salon,available,56,0%,10,"Health and Fitness,Medicine",,,
addled.salon,available,56,2%,6,Entertainment,,,
xxxvi.salon,available,56,1%,5,Mathematics,,,
terzetto.salon,available,56,3%,8,Arts,,,
fiftysix.salon,available,56,4%,9,Mathematics,,,
xlvi.salon,available,56,3%,4,Mathematics,,,
fortysix.salon,available,56,3%,9,Mathematics,,,
admittible.salon,available,56,1%,10,"Education,Healthcare,Hospitality",,,
xxxv.salon,available,56,4%,4,Mathematics,,,
xlii.salon,available,56,5%,4,Mathematics,,,
admissive.salon,available,56,1%,9,"Education,Healthcare,Hospitality",,,
lvii.salon,available,56,1%,4,Mathematics,,,
aone.salon,resell,56,15%,5,Food and Beverage,11/02/2025 15:15,11/02/2026 15:15,Domain Science Kutatási Szolgáltató Korlátolt Felelősségű Társaság
halfdozen.salon,available,56,1%,10,Mathematics,,,
xxiv.salon,available,56,5%,4,Mathematics,,,
fiftyone.salon,available,56,7%,9,Mathematics,,,
fiftytwo.salon,available,56,6%,9,Mathematics,,,
xliv.salon,available,56,2%,4,Mathematics,,,
xxxii.salon,available,56,1%,5,Mathematics,,,
fiftyfour.salon,available,56,3%,10,Mathematics,,,
appressed.salon,available,56,0%,9,"Agriculture,Manufacturing,Retail",,,
lii.salon,available,56,7%,3,Mathematics,,,
xxix.salon,available,56,4%,4,Mathematics,,,
lviii.salon,available,56,1%,5,Mathematics,,,
twoscore.salon,available,54,2%,8,Mathematics,,,
fortyfive.salon,available,54,4%,10,Mathematics,,,
quatern.salon,available,54,2%,7,Mathematics,,,
adjuratory.salon,available,54,0%,10,"Law,Politics,Religion",,,
accentual.salon,available,54,3%,9,"Arts,Entertainment",,,
abatable.salon,available,54,1%,8,Law,,,
adaxial.salon,available,54,2%,7,Science,,,
aboral.salon,available,54,2%,6,Science,,,
deserted.salon,available,54,3%,8,"Hospitality,Real Estate",,,
threescore.salon,available,54,1%,10,Mathematics,,,
adpressed.salon,available,54,0%,9,"Agriculture,Manufacturing,Retail",,,
vii.salon,available,54,13%,3,Mathematics,,,
deuceace.salon,available,54,2%,9,Sports,,,
actuated.salon,available,54,2%,8,"Automotive,Manufacturing,Technology",,,
scratchy.salon,available,54,3%,8,Fashion,,,
abaxial.salon,available,54,1%,7,Science,,,
viii.salon,available,54,6%,4,Mathematics,,,
accursed.salon,available,54,3%,8,"Entertainment,Media,Religion",,,
abatic.salon,available,54,1%,6,Science,,,
achy.salon,available,54,3%,4,Healthcare,,,
adductive.salon,available,54,0%,9,"Engineering,Mathematics,Science",,,
adducting.salon,available,54,1%,9,"Engineering,Mathematics,Science",,,
achromatic.salon,available,54,4%,10,Science,,,
admonitory.salon,available,54,0%,10,"Business,Education,Healthcare",,,
unnatural.salon,available,54,4%,9,"Medicine,Science",,,
acoustical.salon,available,54,4%,10,Science,,,
abient.salon,available,54,1%,6,Science,,,
abducens.salon,available,54,1%,8,Medicine,,,
monitory.salon,available,54,3%,8,"Business,Education,Healthcare",,,
abhorrent.salon,available,54,1%,9,Humanities,,,
quadruplet.salon,available,54,1%,10,"Healthcare,Medicine,Science",,,
adducent.salon,available,54,1%,8,"Engineering,Mathematics,Science",,,
fin.salon,resell,54,30%,3,Finance,22/01/2025 00:40,22/01/2026 00:40,"Sav.com, LLC"
quintuplet.salon,available,54,1%,10,"Healthcare,Medicine,Science",,,
sise.salon,available,54,5%,4,Mathematics,,,
ternion.salon,available,54,3%,7,Mathematics,,,
quaternion.salon,available,54,6%,10,Mathematics,,,
iii.salon,available,54,24%,3,Mathematics,,,
abasic.salon,available,54,1%,6,Science,,,
quaternity.salon,available,54,4%,10,Mathematics,,,
septet.salon,available,53,1%,6,General,,,
sestet.salon,available,53,1%,6,Arts,,,
abominable.salon,available,52,2%,10,"Entertainment,Humanities",,,
detestable.salon,available,52,1%,10,Humanities,,,
ninetysix.salon,available,52,4%,10,Mathematics,,,
xci.salon,available,52,4%,3,Mathematics,,,
xciii.salon,available,52,1%,5,Mathematics,,,
lxxvii.salon,available,52,2%,6,Mathematics,,,
ablated.salon,available,52,1%,7,Science,,,
lxxxvii.salon,available,52,1%,7,Mathematics,,,
sixtyfour.salon,available,52,3%,10,Mathematics,,,
xcv.salon,available,52,7%,3,Mathematics,,,
abysmal.salon,available,52,4%,7,"Arts,Entertainment,Media",,,
tierce.salon,available,52,3%,6,General,,,
lxxv.salon,available,52,1%,4,Mathematics,,,
chagrined.salon,available,52,1%,9,Humanities,,,
xciv.salon,available,52,2%,4,Mathematics,,,
adenoidal.salon,available,52,1%,9,"Health and Fitness,Medicine,Science",,,
lxiv.salon,available,52,3%,4,Mathematics,,,
ninetytwo.salon,available,52,4%,10,Mathematics,,,
repugnant.salon,available,52,1%,9,Humanities,,,
lxv.salon,available,52,5%,3,Mathematics,,,
lxxi.salon,available,52,1%,4,Mathematics,,,
lxiii.salon,available,52,2%,5,Mathematics,,,
xcii.salon,available,52,2%,4,Mathematics,,,
sixtysix.salon,available,52,4%,9,Mathematics,,,
eightytwo.salon,available,52,4%,10,Mathematics,,,
abusive.salon,available,52,3%,7,"Healthcare,Law",,,
decumbent.salon,available,52,1%,9,"Healthcare,Medicine,Science",,,
lxxxi.salon,available,52,1%,5,Mathematics,,,
lxvi.salon,available,52,3%,4,Mathematics,,,
lxxxiii.salon,available,52,1%,7,Mathematics,,,
xcvi.salon,available,52,2%,4,Mathematics,,,
eightyone.salon,available,52,3%,10,Mathematics,,,
repulsive.salon,available,52,1%,9,Humanities,,,
lxvii.salon,available,52,1%,5,Mathematics,,,
sixtyfive.salon,available,52,3%,10,Mathematics,,,
xcvii.salon,available,52,1%,5,Mathematics,,,
lxxxii.salon,available,52,1%,6,Mathematics,,,
ninetyone.salon,available,52,5%,10,Mathematics,,,
lxii.salon,available,52,1%,4,Mathematics,,,
lxxxvi.salon,available,52,1%,6,Mathematics,,,
abstruse.salon,available,52,5%,8,"Humanities,Mathematics,Science",,,
lxviii.salon,available,52,1%,6,Mathematics,,,
lxxvi.salon,available,52,1%,5,Mathematics,,,
ixl.salon,available,52,9%,3,Mathematics,,,
lxxxv.salon,available,52,1%,5,Mathematics,,,
lxxii.salon,available,52,1%,5,Mathematics,,,
ixc.salon,available,52,5%,3,Mathematics,,,
xcviii.salon,available,52,1%,6,Mathematics,,,
lxxxiv.salon,available,52,1%,6,Mathematics,,,
lxi.salon,available,52,5%,3,Mathematics,,,
odious.salon,available,52,2%,6,"Entertainment,Humanities",,,
lxxiii.salon,available,52,1%,6,Mathematics,,,
aboulic.salon,available,52,1%,7,Medicine,,,
lxxiv.salon,available,52,1%,5,Mathematics,,,
uphill.salon,available,52,7%,6,"Sports,Transportation,Travel",,,
littlejoe.salon,available,52,2%,10,"Entertainment,Media",,,
sixtytwo.salon,available,52,3%,9,Mathematics,,,
broached.salon,available,50,0%,8,Food and Beverage,,,
trine.salon,available,50,11%,5,"General,Religion",,,
acquitted.salon,available,50,1%,9,Law,,,
acellular.salon,available,50,1%,9,Science,,,
vinegary.salon,available,50,1%,8,Food and Beverage,,,
lxx.salon,available,50,5%,3,Mathematics,,,
abducting.salon,available,50,0%,9,Medicine,,,
adactylous.salon,available,50,0%,10,Science,,,
abranchial.salon,available,50,0%,10,Science,,,
ogdoad.salon,available,50,1%,6,Mathematics,,,
gillless.salon,available,50,0%,9,Science,,,
acapnotic.salon,available,50,0%,9,"Healthcare,Medicine,Science",,,
quint.salon,available,50,13%,5,"Arts,Entertainment",,,
aborticide.salon,available,50,0%,10,Medicine,,,
scummy.salon,available,50,1%,6,Humanities,,,
acerb.salon,available,50,2%,5,Science,,,
acerbic.salon,available,50,2%,7,"Arts,Humanities,Media",,,
acetous.salon,available,50,1%,7,Science,,,
needlelike.salon,available,50,0%,10,"Engineering,Medicine,Science",,,
abbatial.salon,available,50,0%,8,Religion,,,
spinous.salon,available,50,1%,7,"Agriculture,Science",,,
cinque.salon,available,50,7%,6,Mathematics,,,
triplet.salon,available,50,8%,7,Science,,,
acerose.salon,available,50,1%,7,Science,,,
acapnic.salon,available,50,0%,7,"Healthcare,Medicine,Science",,,
acaudal.salon,available,50,1%,7,"Agriculture,Science",,,
aculeated.salon,available,50,0%,9,"Engineering,Medicine,Science",,,
abactinal.salon,available,50,0%,9,Science,,,
adhominem.salon,available,50,2%,10,"Humanities,Law,Politics",,,
abomasal.salon,available,50,0%,8,Agriculture,,,
acetose.salon,available,50,1%,7,Science,,,
abdicable.salon,available,50,0%,9,Law,,,
ilxxx.salon,available,48,1%,5,Mathematics,,,
abstracted.salon,available,48,5%,10,"Arts,Humanities,Science",,,
notguilty.salon,available,48,5%,10,Law,,,
execrable.salon,available,48,0%,9,"Entertainment,Humanities",,,
apriori.salon,available,48,13%,8,Mathematics,,,
ilxx.salon,available,48,1%,4,Mathematics,,,
lxxxviii.salon,available,48,1%,8,Mathematics,,,
abyssal.salon,available,48,12%,7,"Arts,Entertainment,Media",,,
acarpelous.salon,available,46,0%,10,"Agriculture,Science",,,
acetylenic.salon,available,46,1%,10,Science,,,
acanthous.salon,available,46,0%,9,"Agriculture,Science",,,
quaternary.salon,available,46,3%,10,Mathematics,,,
acaudate.salon,available,46,1%,8,"Agriculture,Science",,,
acephalous.salon,available,46,1%,10,Science,,,
acetonic.salon,available,46,1%,8,Science,,,
acetabular.salon,available,46,1%,10,Science,,,
cotyloid.salon,available,46,1%,8,Science,,,
acarpous.salon,available,46,0%,8,"Agriculture,Science",,,
acanthotic.salon,available,46,0%,10,"Agriculture,Science",,,
acetylic.salon,available,46,1%,8,Science,,,
acicular.salon,available,46,2%,8,Science,,,
acapnial.salon,available,46,0%,8,"Healthcare,Medicine,Science",,,
acheronian.salon,available,46,1%,10,Humanities,,,
achromous.salon,available,46,1%,9,Science,,,
acanthoid.salon,available,46,1%,9,"Agriculture,Science",,,
achenial.salon,available,46,1%,8,Science,,,
vinegarish.salon,available,46,1%,10,Food and Beverage,,,
achromic.salon,available,46,2%,8,Science,,,
stripling.salon,available,46,2%,9,"Education,Entertainment,Healthcare",,,
stemless.salon,available,46,2%,8,"Agriculture,Science",,,
theabsurd.salon,available,46,1%,10,"Arts,Entertainment,Media",,,
cotyloidal.salon,available,44,1%,10,Science,,,
acherontic.salon,available,44,1%,10,Humanities,,,
accusatory.salon,available,44,1%,10,Law,,,
abscessed.salon,available,41,0%,9,Healthcare,,,
phoebe.salon,available,41,14%,6,Science,,,
scurrilous.salon,available,40,1%,10,"Entertainment,Media,Politics",,,
accurst.salon,available,40,1%,7,Religion,,,
accusive.salon,available,40,1%,8,Law,,,